id,date,role,interview_length,interviewers,outcome,source,source_url,questions_recorded,note
2026-07,posted 13 Jul 2026,"AEH (Advanced App Engineering Analyst), 2026 batch",~1 hour,not stated,Selected (11.89 LPA),GeeksforGeeks,https://www.geeksforgeeks.org/interview-experiences/accenture-interview-experience-for-advanced-application-engineering-analyst-fte/,7,The candidate says only people who solved all 3 coding questions reached this AEH interview.
2026-01,posted 14 Jan 2026,"AEH, on campus",~40 min,1,Selected,GeeksforGeeks,https://www.geeksforgeeks.org/interview-experiences/accenture-interview-experience-aeh-advanced-application-engineering-analyst/,5,"Tip: ""Always build your own projects instead of copying them from GitHub."" Pick an early slot."
2025-12,~Nov-Dec 2025,"AASE, batch 2026",~20 min,1,Selected,"Reddit r/Btechtards (REV-001, in your library)",,4,Only 2-3 people per campus got real technical questions. Peers with 45-minute interviews were rejected.
2025-11b,10 Nov 2025,"AASE, batch 2026, on campus",not stated,not stated,Selected (result 3 Dec 2025),GeeksforGeeks,https://www.geeksforgeeks.org/interview-experiences/accenture-interview-experience-for-aase-advanced-associate-software-engineer-2026-batch-on-campus/,7,System issues delayed this candidate; the placement officer (TPO) sorted it out.
2025-11a,8 Nov 2025,"Advanced ASE, batch 2026, on campus",~30 min,1,Selected (6.5 LPA),Naukri Code360,https://www.naukri.com/code360/interview-experiences/accenture-solutions-private-limited/accenture-interview-experience-on-campus-oct-2025,6,"""Largely project-based"", calm and supportive. The candidate credits their DBMS and OS knowledge."
2025-08,posted 13 Aug 2025,"ASE, on campus",10-15 min,1,not stated,GeeksforGeeks,https://www.geeksforgeeks.org/interview-experiences/accenture-interview-experience-for-associate-software-engineer-on-campus-2025/,6,"""Have in-depth knowledge about your major project, as this is one of Accenture's favorite topics."""
2025-07b,posted 23 Jul 2025,"ASE, on campus",~30 min,1,Not selected,GeeksforGeeks,https://www.geeksforgeeks.org/interview-experiences/accenture-interview-experience-for-associate-software-engineer-on-campus/,7,The interviewer opened the candidate's project links during the call. Make sure yours work.
2025-07a,posted 23 Jul 2025,"Software Engineer, on campus",not stated,2 (HR + technical),Selected,GeeksforGeeks,https://www.geeksforgeeks.org/interview-experiences/accenture-interview-experience-on-campus-3/,5,
2025-01,posted 15 Jan 2025,ASE,not stated,not stated,not stated,GeeksforGeeks,https://www.geeksforgeeks.org/interview-experiences/accenture-interview-experience-for-associate-software-engineer-role-ase/,7,Technical and HR were described as separate parts.
2024-10d,30 Oct 2024,"Software Engineer, on campus",20 min,1,Rejected,Naukri Code360,https://www.naukri.com/code360/interview-experiences/accenture/accenture-interview-experience-on-campus-oct-2024,2,"Combined technical + HR, basic questions."
2024-10c,posted 4 Oct 2024,On campus,not stated,not stated,Rejected,GeeksforGeeks,https://www.geeksforgeeks.org/interview-experiences/accenture-interview-experience-on-campus-2024-1/,14,"""Listen carefully; follow-up questions relate to previous answers."""
2024-10b,posted 1 Oct 2024,ASE / Advanced ASE,25-30 min,1,not stated,GeeksforGeeks,https://www.geeksforgeeks.org/interview-experiences/accenture-interview-experience-for-ase-advanced-ase-role/,6,"""Respond directly without excessive elaboration."""
2024-09e,20 Sep 2024,Associate Software Developer,30 min,1,Rejected,Naukri Code360,https://www.naukri.com/code360/interview-experiences/accenture/accenture-interview-experience-on-campus-sep-2024-2-8872,5,A fully technical interview.
2024-09d,19 Sep 2024,SDE-1,30 min,1,Rejected,Naukri Code360,https://www.naukri.com/code360/interview-experiences/accenture/accenture-interview-experience-on-campus-sep-2024,1,The one live-coding question reported. It is solved in the Live coding section.
2024-09c,5 Sep 2024,ASE / AASE,not stated,1,Selected (after ~1 month),GeeksforGeeks,https://www.geeksforgeeks.org/interview-experiences/accenture-interview-experience-for-ase-on-campus-1/,8,The first interviewer didn't show up; Accenture rescheduled. Focus was communication over technical depth.
2024-09b,5 Sep 2024,ASE (batch 2025),~7 min,1,Selected,GeeksforGeeks,https://www.geeksforgeeks.org/interview-experiences/accenture-interview-experience-for-ase-and-aase-on-campus-batch-2025/,4,34 of 105 interviewed at that campus were selected (about 1 in 3).
2024-06,14 Jun 2024,ASE,15-20 min,1,Selected (4.5 LPA),Let's Code,https://www.lets-code.co.in/interview-experience/accenture-associate-software-engineer-(ase)/68c321dd6b122443c3f6b23b/,7,Some of this candidate's peers got coding questions.
2024-05b,17 May 2024,Packaged App Development Associate,15-20 min,not stated,not stated,GeeksforGeeks,https://www.geeksforgeeks.org/interview-experiences/accenture-interview-experience-for-packaged-app-development-associate/,9,
2024-05a,posted 1 May 2024,ASE (integrated / dual-degree candidate),not stated,1 HR (non-technical),Not selected,GeeksforGeeks,https://www.geeksforgeeks.org/interview-experiences/accenture-associate-software-engineer-ase-interview-experience/,8,Directly relevant to you: an integrated-degree candidate was asked to explain the degree.
2024-03,Mar 2024 (posted 10 Jan 2026),"ASE, campus",~30 + 45 + 20 min,3 rounds,Selected (implied),GeeksforGeeks,https://www.geeksforgeeks.org/interview-experiences/accenture-interview-experience-campus-placement-associate-software-engineer/,9,"An unusual three-round version, probably not the standard campus process."
2024-aeh,posted 29 Sep 2024,"AEH, on campus",~1.5 h technical + 30-45 min managerial,1 per round,Selected,GeeksforGeeks,https://www.geeksforgeeks.org/interview-experiences/accenture-interview-experience-for-adv-application-engineering-analyst-fte-on-campus/,8,The AEH track goes deeper. The standard ASE/AASE interview is one ~30-minute round.
2023-09,posted 22 Sep 2023,ASE,not stated,not stated,not stated,GeeksforGeeks,https://www.geeksforgeeks.org/interview-experiences/accenture-interview-experience-for-associate-software-engineer-3/,6,"""Don't hesitate to say 'I don't know' when appropriate."""
2026-09,26 Sep 2026,"Campus mass hiring (Rs 22.15 LPA drive), CSE",not stated,not stated,Rejected (42 of 54 interviewed were selected),LeetCode Discuss,https://leetcode.com/discuss/post/8541706/3rd-rejection-accenture-mass-hiring-2215-5pxl/,2,"The candidate cleared the online test (all 3 coding questions) and the communication round, felt the interview went very well, and was still the only CSE student rejected. A strong interview is not a guarantee."
2026-04,posted 4 Apr 2026,"ASE / Advanced ASE / AEH, on campus",10-15 min,not stated,not stated,GeeksforGeeks,https://www.geeksforgeeks.org/interview-experiences/accenture-on-campus-ase-advanced-ase-aeh-interview-experience/,8,"Coding round in this drive: replace repeating characters with a single #, a two-table JOIN, and debugging a carousel in HTML/CSS/JS."
2026-01b,22 Jan 2026,"ASE, final virtual interview",~17 min (30 scheduled),1,not stated,Medium (Omkar Mohanta),https://medium.com/@omkarmohanta/my-final-interview-experience-with-accenture-associate-software-engineer-19cad7ac2c89,6,"Expected deep DevOps and Kubernetes questions and got none. The interviewer cared more about why the projects were built than how. The candidate mentioned a patent project. ""Final rounds are often about validation, not elimination."""
2025-11c,posted 14 Nov 2025,"ASE/AASE, 2026 passing-out batch, on campus",not stated,not stated,not stated (candidate felt it went well),LeetCode Discuss,https://leetcode.com/discuss/post/7347732/accenture-on-campus-placement-exam-2026-branu/,6,"""Polite, patient, very comfortable."" Mostly project understanding and behaviour."
2025-11d,posted 9 Nov 2025,"SDE intern, on campus",not stated,not stated,Rejected,LeetCode Discuss,https://leetcode.com/discuss/post/7337622/accenture-sde-intern-interview-experienc-mlit/,6,"The candidate blamed weak cloud and SQL. An internship-route report, but the same interview style."
2025-11e,assessment 28 Nov 2025 (report Jul 2026),"AASE, 2026 batch, on campus",not stated,not stated,Selected (LOI received 1 Jan 2026),FastPrep (compiled candidate reports),https://www.fastprep.io/experience/accenture-new-grad-sde-oa-interviews-ase-aase-aae-aeh-2025-2026-current-experien-x8g4q1maot,0,"The communication round first failed on a technical issue; after the college placement office contacted Accenture, a second attempt was given. The final interview then started about two hours late because of access problems, and the candidate kept retrying until it began."
2025-05,20 May 2025,Technology intern (Summer 2026 programme),not stated,1,process described,Medium (Tanmay Chandgude),https://medium.com/@tanmaychandgude.007/accenture-technology-intern-summer-internship-2026-my-interview-experience-c00f456c96af,6,"""The interviewer focused more on my practical work than on theoretical concepts."""
2024-05c,posted 18 May 2024,"ASE/AASE, on campus (2024 batch)",~20 min,1,list of selected students after 20 days (150 from that college),Medium (Arnab Biswas),https://medium.com/@arnabbiswasab098/accenture-ase-interview-experience-343dececf0a8,8,
2023-09b,7 Sep 2023,"ASE/AASE, on campus (2024 batch)",~20 min,1,not stated,Medium (Anubhav Gupta),https://anubhav-gupta.medium.com/accenture-ase-interview-experience-6ab7dc4ff79a,5,"Older account, same pattern."
2024-10e,posted 1 Oct 2024,"AEH FTE, on campus",25-30 min,1,Selected (list after ~10 days),LeetCode Discuss,https://leetcode.com/discuss/post/5857001/accenture-interview-experience-for-advan-9kl0/,9,"6,500 students applied and only 650 cleared the coding round."
2024-09f,27 Sep 2024,"AEH FTE (tier-2 NIT, batch 2025)",~16 min,1,Selected (12 LPA = 11 fixed + 1 joining bonus),LeetCode Discuss,https://leetcode.com/discuss/post/5840881/accenture-advanced-application-engineeri-rrj1/,10,"""Mostly behavioural, with some technical questions based on my resume."""
2024-11b,15 Nov 2024,"ASE, on campus",~15 min,1,Selected (offer after ~20 days),LeetCode Discuss,https://leetcode.com/discuss/post/6046500/accenture-interview-experience-associate-8b3h/,4,Two short CS questions in an otherwise resume-based interview. Both are answered in the Technical section.
2024-10f,25 Oct 2024,"ASE/AASE, on campus (2025 batch)",not stated,not stated,not stated (results one month after the interview),LeetCode Discuss,https://leetcode.com/discuss/post/5967029/accenture-aseaase-2024-by-anonymous_user-n53l/,7,
2025-02a,6 Feb 2025,"Intern, on campus",not stated,not stated,not stated,LeetCode Discuss,https://leetcode.com/discuss/post/6384328/accenture-on-campus-interview-experience-mpn2/,9,"Mainly HR. The candidate heard of someone asked how he felt about India's World Cup final loss: they test composure, not opinions."
2025-02b,7 Feb 2025,"AEH (11 LPA), VIT 2024 graduate",not stated,not stated,"Rejected, no reason given",LeetCode Discuss,https://leetcode.com/discuss/post/6388608/accenture-sde-1-2024-on-campus-india-int-xiel/,2,A VIT graduate with about 950 LeetCode problems was rejected in the technical/managerial round. Strong DSA alone doesn't decide the result.
2024-09g,21 Sep 2024,On campus (tier-3 college),not stated,1,not stated,LeetCode Discuss,https://leetcode.com/discuss/post/5816273/accenture-interview-experience-by-anonym-me8b/,4,"The interviewer's video froze twice and he left the call, as the candidate tells it. The candidate re-entered the lobby, was called back, and repeated the answers calmly."
2024-09h,6 Sep 2024,"ASE/AASE, on campus (2025 batch, tier-3 college)",10-25 min,1,not stated (candidate felt it went well),LeetCode Discuss,https://leetcode.com/discuss/post/5744263/accenture-on-campus-2025-batch-ase-aase-wmluu/,6,The communication round in this drive took about 17 minutes and was described as non-elimination but compulsory.
2025-26-de,2025-26 batch (undated),"Data Engineer track, on campus",30-40 min technical + 20 min HR,1 per round,Selected (about 4.5-6 LPA),GeeksforGeeks,https://www.geeksforgeeks.org/interview-experiences/data-engineer-hiring-experience-at-accenture-2025-26-batch-on-campus/,7,"A different role track, but the SQL and DBMS questions match what your resume invites."
2024-10g,18 Oct 2024 (posted 21 Nov 2024),"Fresher, off-campus drive",about 25 min,not stated,"Not selected (the author's words: ""I didn't make it this time"")",Medium (Sandeep K Sharma),https://medium.com/@amrahs02/my-interview-experience-at-accenture-fresher-offcampus-oct-24-f4d2e7a08a1f,8,"Timeline: cognitive and technical assessment 4 Oct, communication test (Versant-style) 7-10 Oct, slot email 16 Oct, interview 18 Oct. No CS fundamentals were asked: the whole 25 minutes was projects, teamwork and HR, and the candidate was still not selected."
2024-09i,9 Sep 2024 (posted 11 Oct 2024),"On campus, 2025 batch",not stated (started 2 pm after a wait through the lunch hour),1,Selected (email 30 Sep 2024),Medium (Bhanu Sri),https://medium.com/@bhanusri.kowru/on-campus-accenture-recruitment-experience-my-first-success-story-72f83d181e8b,8,"Coding in the assessment: a prime check and string compression, on the HirePro platform, in C, Java or Python. About 75% of her college cleared the first test. The communication test (Reading, Repeat, Questions, Sentence Builds, Story Retelling, Open Questions) allowed up to three attempts if a score was not submitted; wired earphones fixed her first poor attempt."
2025-11f,posted 28 Nov 2025,"Campus drive (role not stated), online interview from home",about 20 min,1,not stated,Medium (Aman Kumar),https://medium.com/@amankumaredi/accenture-technical-interview-experience-16ea41b32091,10,"The candidate says nothing from the resume was asked. Tip from seniors: book a morning slot (about 10:00 to 10:30), because later slots sometimes get less time."
2023-09c,Aug-Sep 2023 (page updated 30 Apr 2024),"ASE, on campus",not stated,1,Selected (email about 15 days after the interview),GeeksforGeeks,https://www.geeksforgeeks.org/interview-experiences/accenture-interview-experience-for-ase-8/,5,The author's summary: they asked basic questions and focused on core subjects. The communication round (listen and repeat) was non-eliminatory.
2024-09j,4 Sep 2024 (page updated 29 Jan 2025),"ASE or AASE drive, 2025 batch (electronics and instrumentation student)",25 min,1,Selected for ASE (email and letter of intent 28 Sep 2024),GeeksforGeeks,https://www.geeksforgeeks.org/interview-experiences/accenture-on-campus-interview-experience-for-2025-pass-out-candidates/,10,"Coding in the assessment: 'Rebound Height' and the highest decrement of temperature in an array. Communication test: reading aloud, listening and repeating, answering questions, Just a Minute. The software was very sensitive to background noise (even breathing); the author took it at midnight with a wired headset."
2023-08,25 Aug 2023 (page updated 1 Oct 2024),"Advanced Application Engineering Analyst, VIT, super-dream FTE",about 40 min,1 (a tech lead from the Gurgaon office),Selected,GeeksforGeeks,https://www.geeksforgeeks.org/interview-experiences/accenture-interview-experience-for-advance-application-engineer-analyst-on-campus/,8,"About 5,000 VIT students sat the test and about 300 moved on. Coding questions: count numbers ending in 2, 5 or 7 between x and y; sort an array by the number of set bits. The author's tip: steer the interview towards what you know, for example by naming your strongest language at the end of your introduction. The interview 'seemed more like a discussion'."
2024-10h,Sep 2024 (page updated 9 Oct 2024),"Advanced Application Engineering Analyst, campus FTE (about 12 LPA)",15 min,not stated,Selected (the author's college selection ratio was about 5%),GeeksforGeeks,https://www.geeksforgeeks.org/interview-experiences/accenture-interview-experience-for-advanced-application-engineering-analyst-fte-oncampus/,6,The author calls this a behavioural round about the resume. Communication test: 'non-eliminatory but important'; the hard part was finding a noise-free room.
2024-10i,posted 11 Oct 2024,"Advanced Application Engineering Analyst, campus",about 45 min,1,not stated,GeeksforGeeks,https://www.geeksforgeeks.org/interview-experiences/accenture-advance-application-engineering-analyst-interview-experience/,5,"Their follow-up pattern: 'they ask about the terms you mention in your previous answer'. The author's advice: know your resume word by word, and do not bluff."
2024-09k,Sep 2024 (page updated 4 Oct 2024),"Advanced Application Engineering Analyst, VIT 2025 batch, super-dream FTE",not stated (waited more than four hours after a 10:30 slot),1,Selected (150 offers from about 600 shortlisted),GeeksforGeeks,https://www.geeksforgeeks.org/interview-experiences/accenture-interview-experience-for-advanced-app-engineering-analyst-2024-25/,9,"The author says the interview focused on communication, English fluency and how well you can interact with clients. Coding in the assessment: a dice roll even or odd, and the sum of primes whose every digit rotation is also prime. Hidden test cases are shown only after the final submission."
2024-09l,Sep 2024 (page updated 23 Jul 2025),"Advanced Engineer Hiring (AEH), VIT",not stated,not stated,Selected (156 selected out of thousands),GeeksforGeeks,https://www.geeksforgeeks.org/interview-experiences/accenture-interview-experience-role-advanced-application-engineering-analyst-campus-visit-2024/,1,"Registration in July, pre-placement talk 27 Aug, test 11 Sep. Coding questions: the celebrity problem, and count the elements with an odd index and odd value or an even index and even value. Candidates were shortlisted on running the programs fully within half the allotted time."
2024-10k,4 Oct 2024 (page updated 18 Oct 2024),"Advanced Application Engineer Analyst, NIT Jamshedpur (11.89 LPA)",25 min,1,"Selected (6 students selected; list on 16 Oct, 12 days after the interview)",GeeksforGeeks,https://www.geeksforgeeks.org/interview-experiences/accenture-interview-experience-for-advance-application-engineer-analyst-full-time/,13,"The funnel at this campus: about 220 sat the cognitive test, 170 reached coding, 17 reached the communication test and interview, 6 were selected. Only candidates who solved both coding problems moved on: an easy string problem and a monotonic-stack 'next greater element' problem (marks 10 and 20)."
2024-09m,posted 2 Sep 2024,"Advanced Application Engineering Analyst (internship role), on campus",not stated,1,Selected,Medium (Ananyade),https://medium.com/@ananya0612de/accenture-advance-application-engineering-analyst-internship-experience-selected-c7492ab3c803,3,"The author's advice: explain a project by saying what prompted it, what problem it solved, its key features and what more can be done."
2024-10l,9 Oct 2024 (posted 17 Oct 2024),"ASE (4.5 LPA), on campus, online HR interview",15 min (after a wait of nearly 40 min in the lobby),1,not stated (the author asked the community whether it meant he was selected),Reddit r/developersIndia (archive copy),https://www.reddit.com/r/developersIndia/comments/1g5oqwa/,3,"The interviewer said he was satisfied and had no more questions. The author says morning-slot students had the same short experience while afternoon and evening students were asked five or six questions, and a batchmate waited over two hours. Coding in the assessment: two questions, the first passed 2 of 3 test cases and the second ran out of time; about 200 students from his university reached the HR round. Commenters repeat that interview length does not predict the result."
2024-02,about 21 Feb 2024,Accenture internship interview,not stated,not stated,not stated,Reddit r/Btechtards (archive copy),https://www.reddit.com/r/Btechtards/comments/1aw5692/,4,The candidate worried afterwards that volunteering a weakness at the end hurt him; the interviewer replied that a learning spirit is what matters. He had only Udemy and Coursera certificates and said so honestly.
